InstallationDate;CarKey;SoftwareKey;AverageDrivenKilometers;CountOfNewDetectedCars;AverageConsumptionByCar;AverageBatteryTemperature;CountOfCriticalSystemAlert
3/15/2025;1;1;679;214;15;18;0
3/16/2025;1;1;618;228;13;22;0
3/17/2025;1;1;586;223;18;26;0
3/18/2025;1;1;340;246;15;19;0
3/19/2025;1;1;404;264;17;19;0
3/20/2025;1;1;671;265;12;15;0
3/21/2025;1;1;679;245;19;22;0
3/22/2025;1;1;555;294;13;19;0
3/23/2025;1;1;660;297;16;22;0
3/24/2025;1;1;413;298;18;24;0
3/25/2025;1;1;423;200;11;19;0
3/26/2025;1;1;510;200;11;22;0
3/27/2025;1;1;420;300;17;25;0
3/28/2025;1;1;498;300;11;29;0
3/29/2025;1;1;620;201;13;25;0
3/30/2025;1;1;484;201;18;24;0
3/31/2025;1;1;530;275;14;21;0
4/1/2025;1;1;465;202;16;16;0
4/2/2025;1;1;683;202;19;21;0
4/3/2025;1;1;610;276;14;27;0
4/4/2025;1;1;487;204;11;22;0
4/5/2025;1;1;577;204;11;16;0
4/6/2025;1;1;629;205;17;26;0
4/7/2025;1;1;608;206;12;25;0
4/8/2025;1;1;439;206;13;24;0
4/9/2025;1;1;497;310;12;21;0
4/10/2025;1;1;383;207;15;24;0
4/11/2025;1;1;406;283;19;26;0
4/12/2025;1;1;600;208;16;17;0
4/13/2025;1;1;384;209;19;17;0
4/14/2025;1;1;596;210;16;19;0
4/15/2025;1;1;656;213;19;28;0
4/16/2025;1;1;350;213;17;15;0
4/17/2025;1;1;685;214;15;28;0
4/18/2025;1;1;622;295;11;25;0
4/19/2025;1;1;369;218;16;24;0
4/20/2025;1;1;505;218;11;22;0
4/21/2025;1;1;485;298;14;23;0
4/22/2025;1;1;358;299;12;23;0
4/23/2025;1;1;686;220;18;27;0
4/24/2025;1;1;392;221;15;27;0
4/25/2025;1;1;570;221;12;20;0
4/26/2025;1;1;657;223;12;19;0
4/27/2025;1;1;646;223;13;19;0
4/28/2025;1;1;404;224;16;20;0
4/29/2025;1;1;596;224;11;18;0
4/30/2025;1;1;592;225;15;23;0
5/1/2025;1;1;490;226;19;17;0
5/2/2025;1;1;455;227;18;24;0
5/3/2025;1;1;597;228;12;25;1
5/4/2025;1;1;521;228;12;16;0
5/5/2025;1;1;372;230;12;15;0
5/6/2025;1;1;549;231;19;20;0
5/7/2025;1;1;434;231;15;22;0
5/8/2025;1;1;573;232;19;27;0
5/9/2025;1;1;415;233;13;18;0
5/10/2025;1;1;512;233;13;25;0
5/11/2025;1;1;685;234;12;29;0
5/12/2025;1;1;609;320;18;24;0
5/13/2025;1;1;350;238;17;17;0
5/14/2025;1;1;524;238;18;21;0
5/15/2025;1;1;607;327;13;18;0
5/16/2025;1;1;429;240;11;20;0
5/17/2025;1;1;524;241;14;25;0
5/18/2025;1;1;457;241;18;24;0
5/19/2025;1;1;355;241;15;23;0
5/20/2025;1;1;569;242;17;17;0
5/21/2025;1;1;671;243;14;21;0
5/22/2025;1;1;516;244;16;16;0
5/23/2025;1;1;439;244;16;15;0
5/24/2025;1;1;473;247;16;17;0
5/25/2025;1;1;636;247;17;16;0
5/26/2025;1;1;542;247;13;22;0
5/27/2025;1;1;383;248;14;16;0
5/28/2025;1;1;487;339;16;24;0
5/29/2025;1;1;534;250;13;20;0
5/30/2025;1;1;445;250;19;21;0
5/31/2025;1;1;670;250;14;24;0
6/1/2025;1;1;462;250;15;26;0
6/2/2025;1;1;474;250;11;17;0
6/3/2025;1;1;682;251;17;21;0
6/4/2025;1;1;349;252;15;24;0
6/5/2025;1;1;347;252;11;16;0
6/6/2025;1;1;662;253;16;21;0
6/7/2025;1;1;523;253;12;27;0
6/8/2025;1;1;529;254;12;15;0
6/9/2025;1;1;623;384;14;21;0
6/10/2025;1;1;547;256;17;26;0
6/11/2025;1;1;520;257;12;20;0
6/12/2025;1;1;424;257;19;20;0
6/13/2025;1;1;353;258;13;20;0
6/14/2025;1;1;482;258;16;19;0
6/15/2025;1;2;465;259;11;15;0
6/16/2025;1;2;670;259;14;29;0
6/17/2025;1;2;691;259;19;25;0
6/18/2025;1;2;665;259;17;19;0
6/19/2025;1;2;691;259;11;18;0
6/20/2025;1;2;396;260;15;29;0
6/21/2025;1;2;371;261;15;29;0
6/22/2025;1;2;381;263;15;15;0
6/23/2025;1;2;366;395;16;18;0
6/24/2025;1;2;624;265;17;15;0
6/25/2025;1;2;669;266;15;23;0
6/26/2025;1;2;444;268;14;19;0
6/27/2025;1;2;604;268;13;26;0
6/28/2025;1;2;494;268;11;25;0
6/29/2025;1;2;453;268;14;17;0
6/30/2025;1;2;594;268;18;21;0
7/1/2025;1;2;613;269;12;24;0
7/2/2025;1;2;574;269;12;21;0
7/3/2025;1;2;690;368;13;27;0
7/4/2025;1;2;691;270;15;15;0
7/5/2025;1;2;380;271;11;15;0
7/6/2025;1;2;344;271;11;21;0
7/7/2025;1;2;546;273;15;25;0
7/8/2025;1;2;375;273;14;24;0
7/9/2025;1;2;341;273;14;25;0
7/10/2025;1;2;389;274;17;16;0
7/11/2025;1;2;570;274;18;18;0
7/12/2025;1;2;477;274;13;19;0
7/13/2025;1;2;472;374;16;27;0
7/14/2025;1;2;503;275;18;21;0
7/15/2025;1;2;515;275;14;29;0
7/16/2025;1;2;520;276;11;18;0
7/17/2025;1;2;554;276;11;18;0
7/18/2025;1;2;402;415;15;17;0
7/19/2025;1;2;577;415;18;25;0
7/20/2025;1;2;503;277;15;26;0
7/21/2025;1;2;659;378;13;29;0
7/22/2025;1;2;533;278;12;25;0
7/23/2025;1;2;394;279;15;17;0
7/24/2025;1;2;371;381;11;20;0
7/25/2025;1;2;586;280;14;16;0
7/26/2025;1;2;433;280;13;18;0
7/27/2025;1;2;570;280;16;28;0
7/28/2025;1;2;695;282;13;16;0
7/29/2025;1;2;475;282;12;22;0
7/30/2025;1;2;532;282;15;16;0
7/31/2025;1;2;577;283;19;24;0
8/1/2025;1;2;555;284;12;26;0
8/2/2025;1;2;674;285;16;23;0
8/3/2025;1;2;401;285;11;16;0
8/4/2025;1;2;583;287;18;29;0
8/5/2025;1;2;570;287;14;21;0
8/6/2025;1;2;422;287;16;22;0
8/7/2025;1;2;538;288;17;22;0
8/8/2025;1;2;342;288;18;26;0
8/9/2025;1;2;604;288;16;20;0
8/10/2025;1;2;659;289;17;19;0
8/11/2025;1;2;474;291;15;22;0
8/12/2025;1;2;655;292;11;22;0
8/13/2025;1;2;482;292;16;21;0
8/14/2025;1;2;644;399;17;22;0
8/15/2025;1;2;506;294;17;25;0
8/16/2025;1;2;418;294;16;19;0
8/17/2025;1;2;421;295;19;26;0
8/18/2025;1;3;348;295;16;29;0
8/19/2025;1;3;545;445;18;15;0
8/20/2025;1;3;663;297;19;15;0
8/21/2025;1;3;532;405;17;20;0
8/22/2025;1;3;698;298;15;21;0
8/23/2025;1;3;463;300;16;25;0
8/24/2025;1;3;490;300;16;17;0
8/25/2025;1;3;576;301;12;22;0
8/26/2025;1;3;685;301;11;19;0
8/27/2025;1;3;673;302;18;27;0
8/28/2025;1;3;683;302;11;16;0
8/29/2025;1;3;664;304;14;24;0
8/30/2025;1;3;472;304;14;26;0
8/31/2025;1;3;389;305;16;26;0
9/1/2025;1;3;688;416;13;27;0
9/2/2025;1;3;460;306;14;15;0
9/3/2025;1;3;576;306;12;15;0
9/4/2025;1;3;657;460;14;18;0
9/5/2025;1;3;426;420;11;17;0
9/6/2025;1;3;635;310;16;16;0
9/7/2025;1;3;617;467;19;27;0
9/8/2025;1;3;518;312;17;21;0
9/9/2025;1;3;691;313;19;16;0
9/10/2025;1;3;405;313;17;29;0
9/11/2025;1;3;631;313;18;21;0
9/12/2025;1;3;349;472;11;26;0
9/13/2025;1;3;584;315;17;19;0
9/14/2025;1;3;361;315;19;26;0
9/15/2025;1;3;365;320;17;20;0
9/16/2025;1;3;386;320;12;25;0
9/17/2025;1;3;487;322;13;26;0
9/18/2025;1;3;507;322;13;23;0
9/19/2025;1;3;507;322;18;21;0
9/20/2025;1;3;681;323;17;25;0
9/21/2025;1;3;402;486;13;16;0
9/22/2025;1;3;579;324;15;18;0
9/23/2025;1;3;677;324;11;29;0
9/24/2025;1;3;388;325;14;18;0
9/25/2025;1;3;415;326;11;18;0
9/26/2025;1;3;427;326;13;25;0
9/27/2025;1;3;470;327;12;21;0
9/28/2025;1;3;492;327;19;24;0
9/29/2025;1;3;634;327;18;22;0
9/30/2025;1;3;550;327;18;15;0
10/1/2025;1;3;617;328;18;23;0
10/2/2025;1;3;480;329;15;25;0
10/3/2025;1;3;432;329;19;16;0
10/4/2025;1;3;577;330;16;19;0
10/5/2025;1;3;343;495;11;23;0
10/6/2025;1;3;442;331;13;26;0
10/7/2025;1;3;592;332;12;19;0
10/8/2025;1;3;683;332;14;26;0
10/9/2025;1;3;489;300;17;23;0
10/10/2025;1;3;655;333;12;25;0
10/11/2025;1;3;557;333;12;18;0
10/12/2025;1;3;461;336;19;18;0
10/13/2025;1;3;347;336;19;25;0
10/14/2025;1;3;531;336;11;28;0
10/15/2025;1;3;638;338;14;15;0
10/16/2025;1;3;617;340;13;23;0
10/17/2025;1;3;444;340;11;28;0
10/18/2025;1;3;653;340;14;25;0
10/19/2025;1;3;373;341;18;16;0
10/20/2025;1;3;453;341;17;18;0
10/21/2025;1;3;520;466;19;24;0
10/22/2025;1;3;381;343;12;18;0
10/23/2025;1;3;663;468;17;19;0
10/24/2025;1;3;645;344;14;16;0
10/25/2025;1;3;584;346;15;24;0
10/26/2025;1;3;388;346;16;19;0
10/27/2025;1;3;582;347;18;19;0
10/28/2025;1;3;418;349;13;19;0
10/29/2025;1;3;363;350;12;20;0
10/30/2025;1;3;495;350;13;23;0
10/31/2025;1;3;382;350;14;21;0
11/1/2025;1;3;471;350;15;22;0
11/2/2025;1;3;376;352;18;28;0
11/3/2025;1;3;447;352;11;24;0
11/4/2025;1;3;394;353;17;26;0
11/5/2025;1;3;350;354;15;20;0
11/6/2025;1;3;659;354;14;28;0
11/7/2025;1;3;626;357;17;25;0
11/8/2025;1;3;358;357;18;25;0
11/9/2025;1;3;636;360;11;27;0
11/10/2025;1;3;476;360;17;27;0
11/11/2025;1;3;368;361;19;22;0
11/12/2025;1;3;492;362;18;21;0
11/13/2025;1;3;682;362;11;21;0
11/14/2025;1;3;392;362;14;24;0
11/15/2025;1;3;647;366;19;28;0
11/16/2025;1;3;694;366;18;26;0
11/17/2025;1;3;617;367;12;20;0
11/18/2025;1;3;674;367;17;29;0
11/19/2025;1;3;517;368;18;29;0
11/20/2025;1;3;403;369;18;17;0
11/21/2025;1;3;499;370;15;24;0
11/22/2025;1;3;372;372;15;21;0
11/23/2025;1;3;559;372;13;26;0
11/24/2025;1;3;443;373;12;28;0
11/25/2025;1;3;568;374;17;16;0
11/26/2025;1;3;379;376;13;28;0
11/27/2025;1;3;653;376;13;24;0
11/28/2025;1;3;463;377;18;20;0
11/29/2025;1;3;352;377;19;24;0
11/30/2025;1;3;663;378;12;23;0
12/1/2025;1;3;345;379;17;17;0
12/2/2025;1;3;624;379;18;28;0
12/3/2025;1;3;509;380;14;16;0
12/4/2025;1;3;509;381;14;24;0
12/5/2025;1;3;396;381;17;29;0
12/6/2025;1;3;655;381;13;26;0
12/7/2025;1;3;517;381;17;17;0
12/8/2025;1;3;398;382;12;27;0
12/9/2025;1;3;599;383;18;16;0
12/10/2025;1;3;588;383;15;29;0
12/11/2025;1;3;442;384;14;28;0
12/12/2025;1;3;378;385;15;16;0
12/13/2025;1;3;439;385;12;18;0
12/14/2025;1;3;405;387;12;19;0
12/15/2025;1;3;628;388;19;23;0
12/16/2025;1;3;429;390;13;21;0
12/17/2025;1;3;566;390;12;22;0
12/18/2025;1;3;669;391;19;26;0
12/19/2025;1;3;365;392;12;27;0
12/20/2025;1;3;623;392;12;17;0
12/21/2025;1;3;432;395;17;21;0
12/22/2025;1;3;588;396;16;27;0
12/23/2025;1;3;462;397;18;25;0
12/24/2025;1;3;456;397;13;21;0
12/25/2025;1;3;430;397;12;28;0
12/26/2025;1;3;350;398;14;19;0
12/27/2025;1;3;353;399;15;23;0
12/28/2025;1;3;524;399;16;26;0
12/29/2025;1;3;618;400;15;18;0
12/30/2025;1;3;365;402;16;23;0
12/31/2025;1;3;453;302;12;29;0
1/1/2026;1;3;620;402;19;25;0
1/2/2026;1;3;436;403;19;19;0
1/3/2026;1;3;548;403;15;26;0
1/4/2026;1;3;595;403;13;25;0
1/5/2026;1;3;408;404;11;23;0
1/6/2026;1;3;368;405;12;26;0
1/7/2026;1;3;440;406;11;17;0
1/8/2026;1;3;385;406;13;24;0
1/9/2026;1;3;541;406;12;25;0
1/10/2026;1;3;673;407;13;17;0
1/11/2026;1;3;511;409;13;17;0
1/12/2026;1;3;641;409;16;21;0
1/13/2026;1;3;495;411;14;21;0
1/14/2026;1;3;646;411;14;15;0
1/15/2026;1;3;363;412;17;15;0
1/16/2026;1;3;603;414;15;26;0
1/17/2026;1;3;341;416;18;25;0
1/18/2026;1;3;686;416;14;20;0
1/19/2026;1;3;578;416;13;22;0
1/20/2026;1;3;615;416;18;23;0
1/21/2026;1;3;498;417;17;28;0
1/22/2026;1;3;487;417;12;20;0
1/23/2026;1;3;420;418;17;17;0
1/24/2026;1;3;483;419;13;25;0
1/25/2026;1;3;529;419;15;28;0
1/26/2026;1;3;617;419;18;16;0
1/27/2026;1;3;496;420;11;19;0
1/28/2026;1;3;502;420;12;25;0
1/29/2026;1;3;631;421;17;22;0
1/30/2026;1;3;482;421;17;16;0
1/31/2026;1;3;648;422;15;28;0
2/1/2026;1;3;652;423;16;22;0
2/2/2026;1;3;675;423;11;27;0
2/3/2026;1;3;396;423;14;16;0
2/4/2026;1;3;697;424;19;24;0
2/5/2026;1;3;613;425;17;15;0
2/6/2026;1;3;450;425;13;17;0
2/7/2026;1;3;540;426;15;17;0
2/8/2026;1;3;414;426;16;16;0
2/9/2026;1;3;509;426;19;18;0
2/10/2026;1;3;545;427;19;26;0
2/11/2026;1;3;595;427;16;29;0
2/12/2026;1;3;653;427;17;21;0
2/13/2026;1;3;414;427;19;16;0
2/14/2026;1;3;616;428;16;26;0
2/15/2026;1;3;671;428;11;27;0
2/16/2026;1;3;542;429;13;23;0
2/17/2026;1;3;570;431;14;22;0
2/18/2026;1;3;404;431;15;27;0
2/19/2026;1;3;502;431;13;15;0
2/20/2026;1;3;672;432;18;26;0
2/21/2026;1;3;491;432;12;25;0
2/22/2026;1;3;340;434;17;18;0
2/23/2026;1;3;511;434;15;22;0
2/24/2026;1;3;650;436;11;23;0
2/25/2026;1;3;651;437;17;20;0
2/26/2026;1;3;605;438;18;18;0
2/27/2026;1;3;540;441;19;19;0
2/28/2026;1;3;483;441;16;16;0
3/1/2026;1;3;457;442;18;24;0
3/2/2026;1;3;600;442;16;20;0
3/3/2026;1;3;518;443;16;17;0
3/4/2026;1;3;641;443;14;19;0
3/5/2026;1;3;577;443;11;17;0
3/6/2026;1;3;387;443;16;21;0
3/7/2026;1;3;526;444;13;18;0
3/8/2026;1;3;370;445;16;15;0
3/9/2026;1;3;697;445;18;23;0
3/10/2026;1;3;687;446;14;16;0
3/11/2026;1;3;603;447;13;26;0
3/12/2026;1;3;458;447;19;18;0
3/13/2026;1;3;603;448;16;29;0
3/14/2026;1;3;369;449;12;28;0
3/15/2026;1;3;483;450;14;16;0
3/16/2026;1;3;353;452;17;20;0
3/17/2026;1;3;674;453;16;27;0
3/18/2026;1;3;420;454;17;21;0
3/19/2026;1;3;586;456;15;21;0
3/20/2026;1;3;344;460;19;18;0
3/21/2026;1;3;502;460;17;15;0
3/22/2026;1;3;674;461;17;29;0
3/23/2026;1;3;600;461;11;15;0
3/24/2026;1;4;444;461;19;28;0
3/25/2026;1;4;699;461;12;27;0
3/26/2026;1;4;354;462;17;25;0
3/27/2026;1;4;402;465;12;27;0
3/28/2026;1;4;381;465;16;26;0
3/29/2026;1;4;447;465;19;29;0
3/30/2026;1;4;689;466;11;27;0
3/31/2026;1;4;431;467;15;28;0
4/1/2026;1;4;522;467;18;22;0
4/2/2026;1;4;562;469;11;19;0
4/3/2026;1;4;699;469;18;28;0
4/4/2026;1;4;677;470;14;23;0
4/5/2026;1;4;637;471;16;24;0
4/6/2026;1;4;549;471;14;26;0
4/7/2026;1;4;350;472;11;21;0
4/8/2026;1;4;516;472;16;17;0
4/9/2026;1;4;661;474;17;17;0
4/10/2026;1;4;367;475;16;27;0
4/11/2026;1;4;480;476;16;24;0
4/12/2026;1;4;666;477;18;22;0
4/13/2026;1;4;447;479;14;28;0
4/14/2026;1;4;453;480;18;29;0
4/15/2026;1;4;570;481;17;15;0
4/16/2026;1;5;686;482;14;26;0
4/17/2026;1;5;418;482;12;27;0
4/18/2026;1;5;573;483;17;22;0
4/19/2026;1;5;658;484;12;22;0
4/20/2026;1;5;548;484;13;29;0
4/21/2026;1;5;400;484;13;26;0
4/22/2026;1;5;414;486;19;20;0
4/23/2026;1;5;557;486;16;24;0
4/24/2026;1;5;537;488;15;25;0
4/25/2026;1;5;649;489;16;20;0
4/26/2026;1;5;469;491;17;15;0
4/27/2026;1;5;509;492;14;26;0
4/28/2026;1;5;392;492;11;17;0
4/29/2026;1;5;698;494;17;19;0
4/30/2026;1;5;673;495;16;22;0
5/1/2026;1;5;691;496;17;15;0
5/2/2026;1;5;565;497;14;23;0
5/3/2026;1;5;506;497;13;24;0
5/4/2026;1;5;684;498;11;20;0
6/15/2025;2;2;369;185;12;18;0
6/16/2025;2;2;469;189;16;23;0
6/17/2025;2;2;391;197;15;18;0
6/18/2025;2;2;495;187;12;21;0
6/19/2025;2;2;355;199;12;22;0
6/20/2025;2;2;395;203;16;15;0
6/21/2025;2;2;407;213;14;26;0
6/22/2025;2;2;561;242;19;23;0
6/23/2025;2;2;664;244;11;19;0
6/24/2025;2;2;543;222;11;23;0
6/25/2025;2;2;501;246;12;28;0
6/26/2025;2;2;662;229;17;21;0
6/27/2025;2;2;602;232;17;24;0
6/28/2025;2;2;460;257;13;23;0
6/29/2025;2;2;532;257;14;25;0
6/30/2025;2;2;418;234;14;22;0
7/1/2025;2;2;448;237;16;29;0
7/2/2025;2;2;658;269;18;17;0
7/3/2025;2;2;530;245;14;25;0
7/4/2025;2;2;349;180;12;15;0
7/5/2025;2;2;692;180;19;25;0
7/6/2025;2;2;425;180;15;16;0
7/7/2025;2;2;678;246;15;26;0
7/8/2025;2;2;448;271;13;17;0
7/9/2025;2;2;430;181;17;23;0
7/10/2025;2;2;429;248;11;16;0
7/11/2025;2;2;417;182;14;27;0
7/12/2025;2;2;489;183;16;24;0
7/13/2025;2;2;675;276;11;22;0
7/14/2025;2;2;480;185;11;20;0
7/15/2025;2;2;626;185;19;19;0
7/16/2025;2;2;627;186;13;15;0
7/17/2025;2;2;664;187;12;21;0
7/18/2025;2;2;691;187;12;27;0
7/19/2025;2;2;658;188;14;23;0
7/20/2025;2;2;632;188;16;19;0
7/21/2025;2;2;560;188;15;28;0
7/22/2025;2;2;343;188;17;29;0
7/23/2025;2;2;543;188;17;26;0
7/24/2025;2;2;540;188;17;29;0
7/25/2025;2;2;698;257;19;16;0
7/26/2025;2;2;422;189;15;20;0
7/27/2025;2;2;463;189;14;23;0
7/28/2025;2;2;591;189;13;17;0
7/29/2025;2;2;390;189;17;17;0
7/30/2025;2;2;608;284;17;26;0
7/31/2025;2;2;420;259;16;15;0
8/1/2025;2;2;544;191;19;20;0
8/2/2025;2;2;375;191;15;21;0
8/3/2025;2;2;559;191;14;15;0
8/4/2025;2;2;644;192;14;22;0
8/5/2025;2;2;520;193;19;25;0
8/6/2025;2;2;340;194;15;21;0
8/7/2025;2;2;636;291;12;21;0
8/8/2025;2;2;517;291;15;24;0
8/9/2025;2;2;482;195;11;22;0
8/10/2025;2;2;361;195;18;29;0
8/11/2025;2;2;460;195;19;21;0
8/12/2025;2;2;455;196;11;18;0
8/13/2025;2;2;360;197;18;23;0
8/14/2025;2;2;362;197;13;27;0
8/15/2025;2;2;621;198;11;17;0
8/16/2025;2;2;676;198;19;28;0
8/17/2025;2;2;482;198;19;28;0
8/18/2025;2;3;375;199;15;27;0
8/19/2025;2;3;414;199;14;25;0
8/20/2025;2;3;407;199;14;28;0
8/21/2025;2;3;514;199;17;19;0
8/22/2025;2;3;345;201;17;18;0
8/23/2025;2;3;434;303;17;26;0
8/24/2025;2;3;471;203;12;29;0
8/25/2025;2;3;618;204;17;15;0
8/26/2025;2;3;621;204;19;16;0
8/27/2025;2;3;558;205;16;27;0
8/28/2025;2;3;564;205;15;17;0
8/29/2025;2;3;363;205;11;27;0
8/30/2025;2;3;608;206;12;27;0
8/31/2025;2;3;643;206;13;20;0
9/1/2025;2;3;436;309;12;18;0
9/2/2025;2;3;473;200;16;29;1
9/3/2025;2;3;672;284;16;17;0
9/4/2025;2;3;650;209;13;27;0
9/5/2025;2;3;536;209;14;18;0
9/6/2025;2;3;474;285;18;22;0
9/7/2025;2;3;551;314;16;28;0
9/8/2025;2;3;415;210;13;17;0
9/9/2025;2;3;618;210;13;22;0
9/10/2025;2;3;592;212;13;27;0
9/11/2025;2;3;533;212;17;28;0
9/12/2025;2;3;629;213;18;16;0
9/13/2025;2;3;385;214;11;21;0
9/14/2025;2;3;352;214;18;23;0
9/15/2025;2;3;545;214;14;23;0
9/16/2025;2;3;358;214;18;15;0
9/17/2025;2;3;484;215;14;18;0
9/18/2025;2;3;576;217;17;15;0
9/19/2025;2;3;576;217;19;27;0
9/20/2025;2;3;398;298;12;21;0
9/21/2025;2;3;568;219;14;29;0
9/22/2025;2;3;688;299;13;16;0
9/23/2025;2;3;694;220;15;20;0
9/24/2025;2;3;639;301;17;29;0
9/25/2025;2;3;442;221;13;26;0
9/26/2025;2;3;378;221;12;20;0
9/27/2025;2;3;543;222;14;26;0
9/28/2025;2;3;650;334;16;23;0
9/29/2025;2;3;681;223;17;26;0
9/30/2025;2;3;625;223;17;17;0
10/1/2025;2;3;561;224;14;19;0
10/2/2025;2;3;355;224;16;26;0
10/3/2025;2;3;522;224;19;28;0
10/4/2025;2;3;461;225;15;17;0
10/5/2025;2;3;387;225;14;27;0
10/6/2025;2;3;621;225;11;15;0
10/7/2025;2;3;340;226;15;24;0
10/8/2025;2;3;489;226;13;25;0
10/9/2025;2;3;390;226;11;20;0
10/10/2025;2;3;435;227;12;15;0
10/11/2025;2;3;558;227;19;16;0
10/12/2025;2;3;488;227;19;28;0
10/13/2025;2;3;599;227;16;25;0
10/14/2025;2;3;456;227;13;28;0
10/15/2025;2;3;530;230;18;27;0
10/16/2025;2;3;552;230;18;26;0
10/17/2025;2;3;664;230;13;23;0
10/18/2025;2;3;542;231;19;26;0
10/19/2025;2;3;695;231;16;19;0
10/20/2025;2;3;670;347;13;15;0
10/21/2025;2;3;345;317;11;18;0
10/22/2025;2;3;514;317;14;28;0
10/23/2025;2;3;452;233;11;28;0
10/24/2025;2;3;665;233;13;20;0
10/25/2025;2;3;527;234;16;27;0
10/26/2025;2;3;481;234;19;28;0
10/27/2025;2;3;639;235;11;20;0
10/28/2025;2;3;685;321;16;21;0
10/29/2025;2;3;375;236;14;19;0
10/30/2025;2;3;648;237;16;18;0
10/31/2025;2;3;622;238;17;26;0
11/1/2025;2;3;358;238;14;19;0
11/2/2025;2;3;503;241;12;27;0
11/3/2025;2;3;599;242;16;17;0
11/4/2025;2;3;599;242;12;15;0
11/5/2025;2;3;489;242;16;26;0
11/6/2025;2;3;401;243;12;19;0
11/7/2025;2;3;341;243;19;25;0
11/8/2025;2;3;665;243;13;29;0
11/9/2025;2;3;569;244;18;26;0
11/10/2025;2;3;459;244;12;28;0
11/11/2025;2;3;453;244;15;15;0
11/12/2025;2;3;433;244;12;23;0
11/13/2025;2;3;394;245;18;17;0
11/14/2025;2;3;534;245;15;25;0
11/15/2025;2;3;524;245;16;25;0
11/16/2025;2;3;671;245;11;21;0
11/17/2025;2;3;419;246;13;23;0
11/18/2025;2;3;368;246;14;29;0
11/19/2025;2;3;450;247;15;28;0
11/20/2025;2;3;572;247;17;25;0
11/21/2025;2;3;340;247;12;18;0
11/22/2025;2;3;420;248;16;29;0
11/23/2025;2;3;401;339;14;20;0
11/24/2025;2;3;627;249;14;24;0
11/25/2025;2;3;443;249;11;20;0
11/26/2025;2;3;556;249;14;26;0
11/27/2025;2;3;596;252;11;27;0
11/28/2025;2;3;513;252;12;27;0
11/29/2025;2;3;594;253;15;24;0
11/30/2025;2;3;665;254;12;20;0
12/1/2025;2;3;648;254;15;29;0
12/2/2025;2;3;455;254;15;27;0
12/3/2025;2;3;585;254;19;21;0
12/4/2025;2;3;502;255;13;25;0
12/5/2025;2;3;445;256;16;20;0
12/6/2025;2;3;359;256;13;25;0
12/7/2025;2;3;477;257;11;16;0
12/8/2025;2;3;549;258;17;19;0
12/9/2025;2;3;628;258;14;21;0
12/10/2025;2;3;604;262;15;21;0
12/11/2025;2;3;650;262;13;26;0
12/12/2025;2;3;422;262;18;26;0
12/13/2025;2;3;637;263;14;19;0
12/14/2025;2;3;349;263;14;15;0
12/15/2025;2;3;463;263;18;18;0
12/16/2025;2;3;696;264;19;27;0
12/17/2025;2;3;415;265;17;19;0
12/18/2025;2;3;698;265;15;20;0
12/19/2025;2;3;622;266;13;17;0
12/20/2025;2;3;405;266;11;23;0
12/21/2025;2;3;373;267;17;23;0
12/22/2025;2;3;667;270;11;23;0
12/23/2025;2;3;490;271;11;19;0
12/24/2025;2;3;603;271;16;24;0
12/25/2025;2;3;569;271;14;15;0
12/26/2025;2;3;424;273;18;19;0
12/27/2025;2;3;580;273;18;23;0
12/28/2025;2;3;648;273;15;26;0
12/29/2025;2;3;524;274;18;21;0
12/30/2025;2;3;371;275;14;20;0
12/31/2025;2;3;434;275;12;26;0
1/1/2026;2;3;608;276;13;23;0
1/2/2026;2;3;655;276;11;19;0
1/3/2026;2;3;383;276;18;16;0
1/4/2026;2;3;618;278;12;18;0
1/5/2026;2;3;495;278;11;16;0
1/6/2026;2;3;558;279;13;24;0
1/7/2026;2;3;549;279;12;22;0
1/8/2026;2;3;447;279;13;21;0
1/9/2026;2;3;627;281;11;15;0
1/10/2026;2;3;590;281;13;21;0
1/11/2026;2;3;685;282;16;17;0
1/12/2026;2;3;385;282;16;28;0
1/13/2026;2;3;463;284;14;15;0
1/14/2026;2;3;576;284;13;28;0
1/15/2026;2;3;672;284;13;24;0
1/16/2026;2;3;476;285;12;29;0
1/17/2026;2;3;512;285;17;17;0
1/18/2026;2;3;686;287;14;20;0
1/19/2026;2;3;572;288;14;28;0
1/20/2026;2;3;460;288;12;15;0
1/21/2026;2;3;531;288;14;28;0
1/22/2026;2;3;491;288;19;24;0
1/23/2026;2;3;526;288;17;16;0
1/24/2026;2;3;572;289;18;29;0
1/25/2026;2;3;558;289;18;26;0
1/26/2026;2;3;632;289;18;18;0
1/27/2026;2;3;421;290;17;27;0
1/28/2026;2;3;401;291;11;21;0
1/29/2026;2;3;411;291;18;28;0
1/30/2026;2;3;608;291;13;28;0
1/31/2026;2;3;422;291;11;28;0
2/1/2026;2;3;477;294;12;20;0
2/2/2026;2;3;699;297;19;24;0
2/3/2026;2;3;399;298;14;29;0
2/4/2026;2;3;557;298;17;27;0
2/5/2026;2;3;378;299;16;23;0
2/6/2026;2;3;505;300;11;17;0
2/7/2026;2;3;348;301;12;20;0
2/8/2026;2;3;531;301;14;28;0
2/9/2026;2;3;364;301;17;22;0
2/10/2026;2;3;564;302;19;20;0
2/11/2026;2;3;561;302;12;15;0
2/12/2026;2;3;411;302;14;21;0
2/13/2026;2;3;508;303;11;20;0
2/14/2026;2;3;382;305;19;15;0
2/15/2026;2;3;354;305;15;16;0
2/16/2026;2;3;671;307;15;17;0
2/17/2026;2;3;578;307;18;21;0
2/18/2026;2;3;697;308;17;24;0
2/19/2026;2;3;667;308;13;17;0
2/20/2026;2;3;345;308;19;20;0
2/21/2026;2;3;451;309;19;15;0
2/22/2026;2;3;631;309;14;27;0
2/23/2026;2;3;355;311;19;22;0
2/24/2026;2;3;606;312;19;22;0
2/25/2026;2;3;542;313;12;26;0
2/26/2026;2;3;644;314;15;24;0
2/27/2026;2;3;616;314;12;23;0
2/28/2026;2;3;636;315;12;19;0
3/1/2026;2;3;396;316;18;16;0
3/2/2026;2;3;541;316;18;16;0
3/3/2026;2;3;619;317;18;26;0
3/4/2026;2;3;678;318;17;21;0
3/5/2026;2;3;606;318;15;25;0
3/6/2026;2;3;587;318;14;24;0
3/7/2026;2;3;596;319;14;25;0
3/8/2026;2;3;613;319;15;19;0
3/9/2026;2;3;523;319;11;24;0
3/10/2026;2;3;377;320;12;25;0
3/11/2026;2;3;387;320;18;18;0
3/12/2026;2;3;367;320;16;28;0
3/13/2026;2;3;608;320;11;21;0
3/14/2026;2;3;684;320;14;21;0
3/15/2026;2;3;443;322;16;22;0
3/16/2026;2;3;536;322;17;16;0
3/17/2026;2;3;446;322;13;26;0
3/18/2026;2;3;567;322;13;16;0
3/19/2026;2;3;460;323;13;27;0
3/20/2026;2;3;462;324;19;17;0
3/21/2026;2;3;536;325;11;28;0
3/22/2026;2;3;372;326;11;19;0
3/23/2026;2;3;617;326;13;26;0
3/24/2026;2;4;353;326;12;20;0
3/25/2026;2;4;555;327;17;25;0
3/26/2026;2;4;506;328;18;28;0
3/27/2026;2;4;672;328;19;16;0
3/28/2026;2;4;604;328;19;18;0
3/29/2026;2;4;406;329;18;26;0
3/30/2026;2;4;547;329;13;20;0
3/31/2026;2;4;631;330;16;22;0
4/1/2026;2;4;678;331;19;20;0
4/2/2026;2;4;592;331;16;26;0
4/3/2026;2;4;498;331;16;28;0
4/4/2026;2;4;380;331;17;25;0
4/5/2026;2;4;700;332;15;19;0
4/6/2026;2;4;450;332;14;27;0
4/7/2026;2;4;517;300;14;29;0
4/8/2026;2;4;598;333;16;20;0
4/9/2026;2;4;649;333;14;24;0
4/10/2026;2;4;498;333;13;24;0
4/11/2026;2;4;473;333;14;27;0
4/12/2026;2;4;491;334;12;20;0
4/13/2026;2;4;680;334;15;15;0
4/14/2026;2;4;515;334;19;27;0
4/15/2026;2;4;416;335;17;25;0
4/16/2026;2;5;606;336;16;16;0
4/17/2026;2;5;689;337;11;21;0
4/18/2026;2;5;426;337;13;18;0
4/19/2026;2;5;417;337;17;16;0
4/20/2026;2;5;622;338;16;28;0
4/21/2026;2;5;521;340;16;18;0
4/22/2026;2;5;373;341;17;19;0
4/23/2026;2;5;672;341;12;25;0
4/24/2026;2;5;362;341;14;18;0
4/25/2026;2;5;494;341;18;20;0
4/26/2026;2;5;546;342;17;26;0
4/27/2026;2;5;633;345;16;18;0
4/28/2026;2;5;694;345;11;17;0
4/29/2026;2;5;383;346;15;27;0
4/30/2026;2;5;402;346;18;26;0
5/1/2026;2;5;673;347;11;29;0
5/2/2026;2;5;510;348;16;26;0
5/3/2026;2;5;562;349;13;22;0
5/4/2026;2;5;563;350;16;28;0
7/26/2025;3;2;563;50;17;18;0
7/27/2025;3;2;439;64;19;20;0
7/28/2025;3;2;665;52;13;17;0
7/29/2025;3;2;692;53;19;19;0
7/30/2025;3;2;694;57;16;17;0
7/31/2025;3;2;466;58;19;20;0
8/1/2025;3;2;532;58;15;20;0
8/2/2025;3;2;455;59;12;24;0
8/3/2025;3;2;481;60;14;18;0
8/4/2025;3;2;650;61;16;22;0
8/5/2025;3;2;364;63;17;29;0
8/6/2025;3;2;675;95;15;15;0
8/7/2025;3;2;688;75;19;25;0
8/8/2025;3;2;607;75;14;26;0
8/9/2025;3;2;444;78;15;24;0
8/10/2025;3;2;342;79;14;17;0
8/11/2025;3;2;400;81;15;21;0
8/12/2025;3;2;665;85;19;18;0
8/13/2025;3;2;611;86;12;17;0
8/14/2025;3;2;600;87;16;24;0
8/15/2025;3;2;413;131;11;18;0
8/16/2025;3;2;345;88;12;16;0
8/17/2025;3;2;469;90;17;15;0
8/18/2025;3;3;491;95;11;25;0
8/19/2025;3;3;657;95;13;19;0
8/20/2025;3;3;442;97;17;16;0
8/21/2025;3;3;697;99;17;26;0
8/22/2025;3;3;450;100;17;27;0
8/23/2025;3;3;639;100;16;16;0
8/24/2025;3;3;395;100;19;16;0
8/25/2025;3;3;525;151;16;22;0
8/26/2025;3;3;635;103;18;29;0
8/27/2025;3;3;421;103;15;27;0
8/28/2025;3;3;357;141;18;15;0
8/29/2025;3;3;442;104;19;29;0
8/30/2025;3;3;479;105;17;21;1
8/31/2025;3;3;555;146;19;28;0
9/1/2025;3;3;364;110;15;28;0
9/2/2025;3;3;512;111;11;21;0
9/3/2025;3;3;423;112;12;29;0
9/4/2025;3;3;665;113;17;24;0
9/5/2025;3;3;457;114;12;15;0
9/6/2025;3;3;636;119;11;15;0
9/7/2025;3;3;677;122;17;28;0
9/8/2025;3;3;619;123;16;28;0
9/9/2025;3;3;539;175;11;19;0
9/10/2025;3;3;532;135;18;23;0
9/11/2025;3;3;690;136;16;25;0
9/12/2025;3;3;602;137;19;19;0
9/13/2025;3;3;428;137;16;16;0
9/14/2025;3;3;561;140;14;23;0
9/15/2025;3;3;525;142;16;19;0
9/16/2025;3;3;699;145;15;18;0
9/17/2025;3;3;422;147;17;15;0
9/18/2025;3;3;348;149;19;29;0
9/19/2025;3;3;626;151;19;23;0
9/20/2025;3;3;429;159;11;27;0
9/21/2025;3;3;461;159;18;26;0
9/22/2025;3;3;624;243;12;17;0
9/23/2025;3;3;363;162;12;27;0
9/24/2025;3;3;522;163;17;28;0
9/25/2025;3;3;698;223;15;25;0
9/26/2025;3;3;432;248;12;26;0
9/27/2025;3;3;477;170;18;22;0
9/28/2025;3;3;429;173;19;17;0
9/29/2025;3;3;410;176;12;24;0
9/30/2025;3;3;586;176;18;23;0
10/1/2025;3;3;507;176;16;17;0
10/2/2025;3;3;665;178;19;19;0
10/3/2025;3;3;453;181;18;16;0
10/4/2025;3;3;465;273;12;26;0
10/5/2025;3;3;566;185;18;21;0
10/6/2025;3;3;519;186;14;27;0
10/7/2025;3;3;468;188;17;17;0
10/8/2025;3;3;493;257;13;25;0
10/9/2025;3;3;578;291;16;17;0
10/10/2025;3;3;647;198;15;24;0
10/11/2025;3;3;455;199;12;16;0
10/12/2025;3;3;617;201;17;25;0
10/13/2025;3;3;377;309;12;24;0
10/14/2025;3;3;623;207;14;22;0
10/15/2025;3;3;662;208;13;25;0
10/16/2025;3;3;656;289;13;24;0
10/17/2025;3;3;534;215;18;19;0
10/18/2025;3;3;518;217;12;21;0
10/19/2025;3;3;612;219;18;19;0
10/20/2025;3;3;698;219;14;27;0
10/21/2025;3;3;448;220;16;19;0
10/22/2025;3;3;352;225;19;21;0
10/23/2025;3;3;390;226;14;26;0
10/24/2025;3;3;640;339;12;16;0
10/25/2025;3;3;446;230;12;28;0
10/26/2025;3;3;601;230;13;26;0
10/27/2025;3;3;638;231;17;17;0
10/28/2025;3;3;447;232;17;20;0
10/29/2025;3;3;662;233;13;21;0
10/30/2025;3;3;563;235;12;22;0
10/31/2025;3;3;683;236;12;29;0
11/1/2025;3;3;698;237;14;17;0
11/2/2025;3;3;429;237;12;21;0
11/3/2025;3;3;342;238;14;19;0
11/4/2025;3;3;357;240;15;19;0
11/5/2025;3;3;688;240;13;19;0
11/6/2025;3;3;535;241;18;26;0
11/7/2025;3;3;482;241;12;20;0
11/8/2025;3;3;485;332;12;17;0
11/9/2025;3;3;635;385;16;16;0
11/10/2025;3;3;648;351;17;23;0
11/11/2025;3;3;393;259;18;17;0
11/12/2025;3;3;388;259;17;15;0
11/13/2025;3;3;436;260;13;26;0
11/14/2025;3;3;446;261;18;18;0
11/15/2025;3;3;553;263;15;26;0
11/16/2025;3;3;597;265;11;17;0
11/17/2025;3;3;526;270;11;25;0
11/18/2025;3;3;689;270;17;29;0
11/19/2025;3;3;692;271;13;25;0
11/20/2025;3;3;479;275;11;15;0
11/21/2025;3;3;618;414;17;20;0
11/22/2025;3;3;699;277;15;28;0
11/23/2025;3;3;669;283;12;15;0
11/24/2025;3;3;488;293;14;18;0
11/25/2025;3;3;526;294;15;17;0
11/26/2025;3;3;432;447;15;17;0
11/27/2025;3;3;428;301;18;24;0
11/28/2025;3;3;394;302;17;27;0
11/29/2025;3;3;390;303;19;26;0
11/30/2025;3;3;685;303;17;21;0
12/1/2025;3;3;591;306;19;18;0
12/2/2025;3;3;625;307;16;24;0
12/3/2025;3;3;546;461;14;21;0
12/4/2025;3;3;587;308;19;17;0
12/5/2025;3;3;344;421;11;24;0
12/6/2025;3;3;663;309;13;23;0
12/7/2025;3;3;684;317;18;19;0
12/8/2025;3;3;382;319;16;20;0
12/9/2025;3;3;641;320;17;26;0
12/10/2025;3;3;535;321;19;19;0
12/11/2025;3;3;565;323;13;28;0
12/12/2025;3;3;606;491;16;23;0
12/13/2025;3;3;394;328;19;21;0
12/14/2025;3;3;345;329;11;22;0
12/15/2025;3;3;485;332;11;18;0
12/16/2025;3;3;417;333;19;15;0
12/17/2025;3;3;423;455;14;17;0
12/18/2025;3;3;394;334;15;15;0
12/19/2025;3;3;554;456;18;18;0
12/20/2025;3;3;492;458;13;26;0
12/21/2025;3;3;476;336;15;20;0
12/22/2025;3;3;379;339;19;28;0
12/23/2025;3;3;378;341;17;20;0
12/24/2025;3;3;560;342;14;15;0
12/25/2025;3;3;663;343;16;17;0
12/26/2025;3;3;657;525;15;28;0
12/27/2025;3;3;482;351;14;29;0
12/28/2025;3;3;431;358;12;25;0
12/29/2025;3;3;624;362;14;18;0
12/30/2025;3;3;582;363;16;18;0
12/31/2025;3;3;502;363;14;21;0
1/1/2026;3;3;403;548;14;28;0
1/2/2026;3;3;680;366;16;21;0
1/3/2026;3;3;565;366;19;26;0
1/4/2026;3;3;495;367;16;21;0
1/5/2026;3;3;392;370;13;19;0
1/6/2026;3;3;435;372;19;26;0
1/7/2026;3;3;378;372;16;16;0
1/8/2026;3;3;447;374;11;21;0
1/9/2026;3;3;536;513;11;18;0
1/10/2026;3;3;503;519;16;16;0
1/11/2026;3;3;593;382;14;29;0
1/12/2026;3;3;357;383;12;23;0
1/13/2026;3;3;484;383;15;18;0
1/14/2026;3;3;357;575;19;16;0
1/15/2026;3;3;625;578;19;27;0
1/16/2026;3;3;590;390;16;18;0
1/17/2026;3;3;400;396;12;19;0
1/18/2026;3;3;386;400;14;20;0
1/19/2026;3;3;513;400;13;25;0
1/20/2026;3;3;497;549;13;26;0
1/21/2026;3;3;599;407;15;21;0
1/22/2026;3;3;624;557;17;20;0
1/23/2026;3;3;459;386;15;28;0
1/24/2026;3;3;559;411;18;25;0
1/25/2026;3;3;477;416;18;29;0
1/26/2026;3;3;662;570;15;15;0
1/27/2026;3;3;458;630;13;22;0
1/28/2026;3;3;476;423;12;27;0
1/29/2026;3;3;352;423;19;16;0
1/30/2026;3;3;594;423;11;18;0
1/31/2026;3;3;499;426;13;19;0
2/1/2026;3;3;606;428;11;26;0
2/2/2026;3;3;471;432;18;16;0
2/3/2026;3;3;680;433;15;15;0
2/4/2026;3;3;485;591;12;20;0
2/5/2026;3;3;516;436;11;29;0
2/6/2026;3;3;378;438;16;23;0
2/7/2026;3;3;373;439;15;26;0
2/8/2026;3;3;386;440;12;21;0
2/9/2026;3;3;512;600;16;18;0
2/10/2026;3;3;691;443;11;26;0
2/11/2026;3;3;513;446;15;16;0
2/12/2026;3;3;412;451;12;22;0
2/13/2026;3;3;398;452;13;16;0
2/14/2026;3;3;648;457;19;29;0
2/15/2026;3;3;650;457;13;27;0
2/16/2026;3;3;567;457;18;26;0
2/17/2026;3;3;393;458;15;16;0
2/18/2026;3;3;382;458;16;28;0
2/19/2026;3;3;693;462;13;25;0
2/20/2026;3;3;515;462;14;23;0
2/21/2026;3;3;680;463;11;23;0
2/22/2026;3;3;481;464;11;23;0
2/23/2026;3;3;595;466;18;28;0
2/24/2026;3;3;348;638;18;28;0
2/25/2026;3;3;650;645;17;17;0
2/26/2026;3;3;628;477;12;24;0
2/27/2026;3;3;467;478;19;22;0
2/28/2026;3;3;387;479;11;23;0
3/1/2026;3;3;495;480;13;21;0
3/2/2026;3;3;587;480;17;16;0
3/3/2026;3;3;605;481;16;18;0
3/4/2026;3;3;410;481;19;21;0
3/5/2026;3;3;575;483;11;24;0
3/6/2026;3;3;584;491;16;17;0
3/7/2026;3;3;445;492;17;28;0
3/8/2026;3;3;561;492;16;19;0
3/9/2026;3;3;458;493;15;20;0
3/10/2026;3;3;374;497;19;17;0
3/11/2026;3;3;432;497;19;16;0
3/12/2026;3;3;695;502;19;27;0
3/13/2026;3;3;393;506;13;28;0
3/14/2026;3;3;636;499;16;28;0
3/15/2026;3;3;346;517;18;27;0
3/16/2026;3;3;674;522;18;20;0
3/17/2026;3;3;527;530;16;17;0
3/18/2026;3;3;556;535;13;15;0
3/19/2026;3;3;364;535;13;19;0
3/20/2026;3;3;508;536;18;17;0
3/21/2026;3;3;648;537;12;27;0
3/22/2026;3;3;672;541;17;19;0
3/23/2026;3;3;370;542;15;16;0
3/24/2026;3;4;471;543;16;24;0
3/25/2026;3;4;440;544;17;28;0
3/26/2026;3;4;474;552;19;19;0
3/27/2026;3;4;463;553;11;24;0
3/28/2026;3;4;403;553;19;29;0
3/29/2026;3;4;496;559;12;20;0
3/30/2026;3;4;664;560;12;18;0
3/31/2026;3;4;620;562;13;19;0
4/1/2026;3;4;449;563;17;28;0
4/2/2026;3;4;355;564;19;24;0
4/3/2026;3;4;418;566;12;19;0
4/4/2026;3;4;573;567;14;21;0
4/5/2026;3;4;484;573;18;23;0
4/6/2026;3;4;590;573;18;24;0
4/7/2026;3;4;470;576;13;19;0
4/8/2026;3;4;634;577;13;22;0
4/9/2026;3;4;582;582;17;16;0
4/10/2026;3;4;399;587;17;16;0
4/11/2026;3;4;382;588;17;28;0
4/12/2026;3;4;689;595;12;28;0
4/13/2026;3;4;515;599;16;26;0
4/14/2026;3;4;551;602;16;28;0
4/15/2026;3;4;489;602;13;15;0
4/16/2026;3;5;667;604;12;25;0
4/17/2026;3;5;655;608;16;23;0
4/18/2026;3;5;605;615;15;20;0
4/19/2026;3;5;509;615;16;20;0
4/20/2026;3;5;573;618;15;19;0
4/21/2026;3;5;549;620;16;27;0
4/22/2026;3;5;675;626;15;28;0
4/23/2026;3;5;673;628;14;21;0
4/24/2026;3;5;375;628;17;28;0
4/25/2026;3;5;621;629;17;20;0
4/26/2026;3;5;491;632;14;21;0
4/27/2026;3;5;431;632;14;22;0
4/28/2026;3;5;347;633;14;21;0
4/29/2026;3;5;553;633;13;27;0
4/30/2026;3;5;664;637;14;17;0
5/1/2026;3;5;633;646;13;16;0
5/2/2026;3;5;694;646;17;24;0
5/3/2026;3;5;667;646;18;23;0
5/4/2026;3;5;390;649;17;15;0
12/1/2025;4;3;433;76;12;19;0
12/2/2025;4;3;365;78;14;23;0
12/3/2025;4;3;425;95;17;26;0
12/4/2025;4;3;357;95;19;15;0
12/5/2025;4;3;459;75;11;29;0
12/6/2025;4;3;381;100;16;20;0
12/7/2025;4;3;485;78;17;17;0
12/8/2025;4;3;646;107;14;26;0
12/9/2025;4;3;627;79;18;18;0
12/10/2025;4;3;641;87;17;22;0
12/11/2025;4;3;684;87;11;29;0
12/12/2025;4;3;353;87;16;29;0
12/13/2025;4;3;441;88;19;24;0
12/14/2025;4;3;684;88;18;26;0
12/15/2025;4;3;565;88;12;21;0
12/16/2025;4;3;370;133;17;23;0
12/17/2025;4;3;484;91;12;19;0
12/18/2025;4;3;428;139;14;19;0
12/19/2025;4;3;531;94;11;28;0
12/20/2025;4;3;434;94;17;26;0
12/21/2025;4;3;536;97;13;19;0
12/22/2025;4;3;513;98;16;19;0
12/23/2025;4;3;586;101;11;20;0
12/24/2025;4;3;480;101;12;26;0
12/25/2025;4;3;551;101;14;18;0
12/26/2025;4;3;347;103;14;26;0
12/27/2025;4;3;615;143;17;25;0
12/28/2025;4;3;351;160;14;25;0
12/29/2025;4;3;681;110;15;16;0
12/30/2025;4;3;597;168;11;28;0
12/31/2025;4;3;365;114;12;15;0
1/1/2026;4;3;608;115;19;25;0
1/2/2026;4;3;540;117;11;27;0
1/3/2026;4;3;500;185;17;22;0
1/4/2026;4;3;690;124;15;27;0
1/5/2026;4;3;510;188;15;24;0
1/6/2026;4;3;383;181;11;20;0
1/7/2026;4;3;626;134;12;20;0
1/8/2026;4;3;382;139;15;15;0
1/9/2026;4;3;433;141;19;18;0
1/10/2026;4;3;574;142;14;21;0
1/11/2026;4;3;599;146;13;27;0
1/12/2026;4;3;654;148;11;21;0
1/13/2026;4;3;432;156;17;18;0
1/14/2026;4;3;403;213;13;17;0
1/15/2026;4;3;619;158;17;27;0
1/16/2026;4;3;669;158;15;17;0
1/17/2026;4;3;533;160;12;20;0
1/18/2026;4;3;397;240;11;20;0
1/19/2026;4;3;484;229;13;27;0
1/20/2026;4;3;612;256;12;16;0
1/21/2026;4;3;648;260;11;26;0
1/22/2026;4;3;389;177;11;16;0
1/23/2026;4;3;676;178;17;29;0
1/24/2026;4;3;515;180;18;20;0
1/25/2026;4;3;631;184;15;29;0
1/26/2026;4;3;460;190;19;15;0
1/27/2026;4;3;454;295;19;25;0
1/28/2026;4;3;550;202;16;24;0
1/29/2026;4;3;524;205;19;17;0
1/30/2026;4;3;421;206;12;16;0
1/31/2026;4;3;657;281;12;29;0
2/1/2026;4;3;426;282;15;21;0
2/2/2026;4;3;578;284;16;21;0
2/3/2026;4;3;697;313;17;26;0
2/4/2026;4;3;366;317;14;21;0
2/5/2026;4;3;565;212;15;24;0
2/6/2026;4;3;617;212;16;16;0
2/7/2026;4;3;511;290;13;17;0
2/8/2026;4;3;376;295;17;22;0
2/9/2026;4;3;658;217;15;24;0
2/10/2026;4;3;603;219;13;29;0
2/11/2026;4;3;379;220;18;26;0
2/12/2026;4;3;572;222;12;22;0
2/13/2026;4;3;629;223;11;29;0
2/14/2026;4;3;369;224;11;28;0
2/15/2026;4;3;535;227;16;17;0
2/16/2026;4;3;447;231;12;24;0
2/17/2026;4;3;628;317;14;26;0
2/18/2026;4;3;538;234;14;26;0
2/19/2026;4;3;466;236;11;17;0
2/20/2026;4;3;651;237;15;19;0
2/21/2026;4;3;346;360;11;17;0
2/22/2026;4;3;392;246;17;22;0
2/23/2026;4;3;489;246;13;17;0
2/24/2026;4;3;385;248;16;26;0
2/25/2026;4;3;397;248;15;23;0
2/26/2026;4;3;405;249;19;29;0
2/27/2026;4;3;447;257;14;21;0
2/28/2026;4;3;519;259;18;23;0
3/1/2026;4;3;449;261;17;18;0
3/2/2026;4;3;402;260;17;19;0
3/3/2026;4;3;596;264;12;25;0
3/4/2026;4;3;598;405;19;25;0
3/5/2026;4;3;513;409;19;26;0
3/6/2026;4;3;356;372;13;18;0
3/7/2026;4;3;369;274;14;23;0
3/8/2026;4;3;601;279;15;16;0
3/9/2026;4;3;661;280;17;20;0
3/10/2026;4;3;700;384;16;28;0
3/11/2026;4;3;531;384;14;18;0
3/12/2026;4;3;453;282;15;15;0
3/13/2026;4;3;391;424;14;27;0
3/14/2026;4;3;612;424;14;17;0
3/15/2026;4;3;667;388;16;29;0
3/16/2026;4;3;340;288;11;27;0
3/17/2026;4;3;656;289;17;20;0
3/18/2026;4;3;381;290;12;26;0
3/19/2026;4;3;547;396;17;27;0
3/20/2026;4;3;527;438;15;22;0
3/21/2026;4;3;355;403;17;23;0
3/22/2026;4;3;414;298;14;21;0
3/23/2026;4;3;496;298;11;28;0
3/24/2026;4;4;468;301;15;24;0
3/25/2026;4;4;435;411;12;20;0
3/26/2026;4;4;405;307;17;17;0
3/27/2026;4;4;497;309;15;17;0
3/28/2026;4;4;683;320;15;23;0
3/29/2026;4;4;374;324;12;21;0
3/30/2026;4;4;442;444;19;28;0
3/31/2026;4;4;568;339;18;29;0
4/1/2026;4;4;503;340;13;18;0
4/2/2026;4;4;348;341;11;21;0
4/3/2026;4;4;655;345;11;15;0
4/4/2026;4;4;610;347;17;29;0
4/5/2026;4;4;428;349;11;27;0
4/6/2026;4;4;372;359;18;27;0
4/7/2026;4;4;356;361;14;20;0
4/8/2026;4;4;429;365;14;21;0
4/9/2026;4;4;421;368;16;15;0
4/10/2026;4;4;442;374;15;18;0
4/11/2026;4;4;693;375;15;15;0
4/12/2026;4;4;559;385;15;25;0
4/13/2026;4;4;415;386;16;21;0
4/14/2026;4;4;500;386;17;21;0
4/15/2026;4;4;350;387;17;19;0
4/16/2026;4;5;681;387;13;28;0
4/17/2026;4;5;602;388;15;25;0
4/18/2026;4;5;595;388;16;18;0
4/19/2026;4;5;394;390;19;29;0
4/20/2026;4;5;485;408;18;20;0
4/21/2026;4;5;352;410;12;19;0
4/22/2026;4;5;664;412;16;21;0
4/23/2026;4;5;489;417;15;15;0
4/24/2026;4;5;453;423;18;26;0
4/25/2026;4;5;370;426;11;24;0
4/26/2026;4;5;618;431;12;29;0
4/27/2026;4;5;495;435;12;27;0
4/28/2026;4;5;578;439;17;23;0
4/29/2026;4;5;552;439;17;28;0
4/30/2026;4;5;610;443;16;15;0
5/1/2026;4;5;602;443;18;24;0
5/2/2026;4;5;684;444;16;15;0
5/3/2026;4;5;580;447;18;29;0
5/4/2026;4;5;526;447;13;29;0
3/26/2026;5;4;534;289;14;20;0
3/27/2026;5;4;670;280;18;24;0
3/28/2026;5;4;459;326;14;28;0
3/29/2026;5;4;606;314;11;23;0
3/30/2026;5;4;386;347;18;16;0
3/31/2026;5;4;554;355;17;23;0
4/1/2026;5;4;513;379;17;15;0
4/2/2026;5;4;398;394;13;16;0
4/3/2026;5;4;594;402;16;15;0
4/4/2026;5;4;532;372;19;26;0
4/5/2026;5;4;481;413;11;19;0
4/6/2026;5;4;363;401;19;24;0
4/7/2026;5;4;503;413;19;25;0
4/8/2026;5;4;418;458;13;15;0
4/9/2026;5;4;378;436;11;24;0
4/10/2026;5;4;434;442;15;28;0
4/11/2026;5;4;505;467;11;21;1
4/12/2026;5;4;423;521;13;18;0
4/13/2026;5;4;524;483;19;23;0
4/14/2026;5;4;613;534;18;29;0
4/15/2026;5;4;434;509;14;20;0
4/16/2026;5;5;394;513;14;26;0
4/17/2026;5;5;429;501;13;16;0
4/18/2026;5;5;391;521;19;27;0
4/19/2026;5;5;474;527;12;15;0
4/20/2026;5;5;416;590;18;27;0
4/21/2026;5;5;599;601;19;22;0
4/22/2026;5;5;610;608;17;26;0
4/23/2026;5;5;384;614;14;21;0
4/24/2026;5;5;626;566;16;29;0
4/25/2026;5;5;492;686;15;20;0
4/26/2026;5;5;358;636;18;18;0
4/27/2026;5;5;664;718;17;26;0
4/28/2026;5;5;556;729;15;20;0
4/29/2026;5;5;492;664;12;19;0
4/30/2026;5;5;649;741;14;28;0
5/1/2026;5;5;634;683;11;15;0
5/2/2026;5;5;610;720;15;28;0
5/3/2026;5;5;471;728;11;22;0
5/4/2026;5;5;654;747;15;20;0
